,BuoyID,Year,Hour,Min,DOY,POS_DOY,Lat,Lon,BP,Ts
0,902007,2023,00,00,51.0005,51.0005,77.75950,-146.60420,,
1,902007,2023,00,31,51.0216,51.0216,77.75920,-146.60110,,
2,902007,2023,01,01,51.0424,51.0424,77.75890,-146.59860,,
3,902007,2023,01,30,51.0631,51.0631,77.75850,-146.59560,,
4,902007,2023,02,01,51.0841,51.0841,77.75820,-146.59280,,
5,902007,2023,02,30,51.1047,51.1047,77.75790,-146.58990,,
6,902007,2023,03,00,51.1256,51.1256,77.75760,-146.58750,,
7,902007,2023,03,30,51.1463,51.1463,77.75730,-146.58460,,
8,902007,2023,04,01,51.1674,51.1674,77.75690,-146.58080,,
9,902007,2023,04,30,51.1880,51.1880,77.75660,-146.57720,,
10,902007,2023,05,00,51.2085,51.2085,77.75610,-146.57380,,
11,902007,2023,05,30,51.2293,51.2293,77.75570,-146.57030,,
12,902007,2023,06,00,51.2505,51.2505,77.75520,-146.56670,,
13,902007,2023,06,30,51.2710,51.2710,77.75480,-146.56340,,
14,902007,2023,07,00,51.2918,51.2918,77.75430,-146.55980,,
15,902007,2023,07,30,51.3130,51.3130,77.75390,-146.55630,,
16,902007,2023,08,00,51.3337,51.3337,77.75330,-146.55250,,
17,902007,2023,08,31,51.3550,51.3550,77.75270,-146.54790,,
18,902007,2023,09,01,51.3759,51.3759,77.75230,-146.54370,,
19,902007,2023,09,31,51.3967,51.3967,77.75180,-146.53950,,
20,902007,2023,10,00,51.4173,51.4173,77.75140,-146.53530,,
21,902007,2023,10,31,51.4383,51.4383,77.75100,-146.53070,,
22,902007,2023,11,01,51.4592,51.4592,77.75050,-146.52550,,
23,902007,2023,11,31,51.4799,51.4799,77.75010,-146.52070,,
24,902007,2023,12,01,51.5007,51.5007,77.74960,-146.51620,,
25,902007,2023,12,31,51.5215,51.5215,77.74910,-146.51130,,
26,902007,2023,13,01,51.5426,51.5426,77.74870,-146.50740,,
27,902007,2023,13,31,51.5632,51.5632,77.74830,-146.50370,,
28,902007,2023,14,01,51.5842,51.5842,77.74790,-146.49910,,
29,902007,2023,14,30,51.6048,51.6048,77.74740,-146.49530,,
30,902007,2023,15,00,51.6256,51.6256,77.74690,-146.49130,,
31,902007,2023,15,30,51.6464,51.6464,77.74640,-146.48690,,
32,902007,2023,16,00,51.6670,51.6670,77.74580,-146.48200,,
33,902007,2023,16,30,51.6877,51.6877,77.74510,-146.47730,,
34,902007,2023,17,00,51.7089,51.7089,77.74440,-146.47250,,
35,902007,2023,17,30,51.7295,51.7295,77.74360,-146.46790,,
36,902007,2023,18,00,51.7505,51.7505,77.74290,-146.46300,,
37,902007,2023,18,31,51.7715,51.7715,77.74200,-146.45780,,
38,902007,2023,19,01,51.7924,51.7924,77.74120,-146.45250,,
39,902007,2023,19,30,51.8129,51.8129,77.74020,-146.44670,,
40,902007,2023,20,01,51.8341,51.8341,77.73950,-146.44130,,
41,902007,2023,20,31,51.8549,51.8549,77.73870,-146.43580,,
42,902007,2023,21,00,51.8756,51.8756,77.73780,-146.43010,,
43,902007,2023,21,30,51.8964,51.8964,77.73700,-146.42400,,
44,902007,2023,22,01,51.9176,51.9176,77.73610,-146.41750,,
45,902007,2023,22,30,51.9380,51.9380,77.73520,-146.41140,,
46,902007,2023,23,01,51.9594,51.9594,77.73450,-146.40470,,
47,902007,2023,23,31,51.9799,51.9799,77.73370,-146.39850,,
48,902007,2023,00,01,52.0009,52.0009,77.73290,-146.39230,,
49,902007,2023,00,31,52.0216,52.0216,77.73190,-146.38590,,
50,902007,2023,01,01,52.0427,52.0427,77.73080,-146.37990,,
51,902007,2023,01,31,52.0632,52.0632,77.72980,-146.37430,,
52,902007,2023,02,01,52.0840,52.0840,77.72870,-146.36850,,
53,902007,2023,02,31,52.1049,52.1049,77.72780,-146.36280,,
54,902007,2023,03,00,52.1255,52.1255,77.72690,-146.35690,,
55,902007,2023,03,30,52.1460,52.1460,77.72600,-146.35120,,
56,902007,2023,04,01,52.1674,52.1674,77.72520,-146.34550,,
57,902007,2023,04,30,52.1880,52.1880,77.72420,-146.34000,,
58,902007,2023,05,00,52.2085,52.2085,77.72330,-146.33440,,
59,902007,2023,05,30,52.2293,52.2293,77.72240,-146.32880,,
60,902007,2023,06,00,52.2505,52.2505,77.72150,-146.32380,,
61,902007,2023,06,30,52.2710,52.2710,77.72060,-146.31900,,
62,902007,2023,07,00,52.2918,52.2918,77.71980,-146.31390,,
63,902007,2023,07,30,52.3130,52.3130,77.71930,-146.30930,,
64,902007,2023,08,00,52.3339,52.3339,77.71860,-146.30480,,
65,902007,2023,08,30,52.3548,52.3548,77.71800,-146.29950,,
66,902007,2023,09,01,52.3759,52.3759,77.71720,-146.29430,,
67,902007,2023,09,31,52.3967,52.3967,77.71650,-146.28890,,
68,902007,2023,10,01,52.4176,52.4176,77.71590,-146.28370,,
69,902007,2023,10,31,52.4384,52.4384,77.71510,-146.27880,,
70,902007,2023,11,01,52.4591,52.4591,77.71440,-146.27400,,
71,902007,2023,11,31,52.4799,52.4799,77.71380,-146.26930,,
72,902007,2023,12,01,52.5007,52.5007,77.71310,-146.26480,,
73,902007,2023,12,31,52.5215,52.5215,77.71250,-146.26050,,
74,902007,2023,13,01,52.5424,52.5424,77.71200,-146.25630,,
75,902007,2023,13,30,52.5630,52.5630,77.71150,-146.25190,,
76,902007,2023,14,01,52.5840,52.5840,77.71110,-146.24700,,
77,902007,2023,14,31,52.6049,52.6049,77.71050,-146.24270,,
78,902007,2023,15,00,52.6255,52.6255,77.71000,-146.23790,,
79,902007,2023,15,31,52.6465,52.6465,77.70950,-146.23330,,
80,902007,2023,16,00,52.6672,52.6672,77.70920,-146.22820,,
81,902007,2023,16,30,52.6877,52.6877,77.70890,-146.22340,,
82,902007,2023,17,01,52.7092,52.7092,77.70860,-146.21830,,
83,902007,2023,17,30,52.7294,52.7294,77.70850,-146.21350,,
84,902007,2023,18,00,52.7502,52.7502,77.70850,-146.20840,,
85,902007,2023,18,31,52.7715,52.7715,77.70840,-146.20250,,
86,902007,2023,19,00,52.7922,52.7922,77.70830,-146.19710,,
87,902007,2023,19,30,52.8130,52.8130,77.70820,-146.19150,,
88,902007,2023,20,01,52.8342,52.8342,77.70830,-146.18570,,
89,902007,2023,20,31,52.8552,52.8552,77.70820,-146.18020,,
90,902007,2023,21,01,52.8757,52.8757,77.70820,-146.17470,,
91,902007,2023,21,31,52.8965,52.8965,77.70830,-146.16960,,
92,902007,2023,22,01,52.9176,52.9176,77.70840,-146.16420,,
93,902007,2023,22,30,52.9380,52.9380,77.70860,-146.15860,,
94,902007,2023,23,01,52.9594,52.9594,77.70880,-146.15300,,
95,902007,2023,23,31,52.9799,52.9799,77.70910,-146.14730,,
96,900115,2023,00,01,51.0009,51.0009,79.76180,-150.51170,,
97,900115,2023,00,31,51.0215,51.0215,79.76150,-150.50530,,
98,900115,2023,01,00,51.0423,51.0423,79.76120,-150.49860,,
99,900115,2023,01,30,51.0631,51.0631,79.76080,-150.49110,,
100,900115,2023,02,00,51.0835,51.0835,79.76040,-150.48410,,
101,900115,2023,02,30,51.1047,51.1047,79.76010,-150.47590,,
102,900115,2023,03,01,51.1257,51.1257,79.75980,-150.46880,,
103,900115,2023,03,31,51.1466,51.1466,79.75950,-150.46020,,
104,900115,2023,04,00,51.1672,51.1672,79.75900,-150.45200,,
105,900115,2023,04,31,51.1882,51.1882,79.75860,-150.44320,,
106,900115,2023,04,45,51.1985,51.1985,79.75840,-150.43850,,
107,900115,2023,05,30,51.2293,51.2293,79.75770,-150.42460,,
108,900115,2023,06,00,51.2506,51.2506,79.75740,-150.41500,,
109,900115,2023,06,30,51.2714,51.2714,79.75720,-150.40610,,
110,900115,2023,07,00,51.2922,51.2922,79.75690,-150.39720,,
111,900115,2023,07,31,51.3132,51.3132,79.75640,-150.38780,,
112,900115,2023,08,00,51.3339,51.3339,79.75600,-150.37950,,
113,900115,2023,08,30,51.3547,51.3547,79.75560,-150.36980,,
114,900115,2023,09,01,51.3759,51.3759,79.75490,-150.36070,,
115,900115,2023,09,31,51.3967,51.3967,79.75450,-150.35210,,
116,900115,2023,10,01,51.4180,51.4180,79.75410,-150.34310,,
117,900115,2023,10,31,51.4384,51.4384,79.75360,-150.33390,,
118,900115,2023,11,01,51.4590,51.4590,79.75320,-150.32430,,
119,900115,2023,11,31,51.4799,51.4799,79.75270,-150.31540,,
120,900115,2023,12,00,51.5007,51.5007,79.75210,-150.30540,,
121,900115,2023,12,31,51.5219,51.5219,79.75160,-150.29530,,
122,900115,2023,13,01,51.5427,51.5427,79.75110,-150.28530,,
123,900115,2023,13,30,51.5630,51.5630,79.75090,-150.27440,,
124,900115,2023,14,01,51.5840,51.5840,79.75050,-150.26310,,
125,900115,2023,14,30,51.6045,51.6045,79.75000,-150.25330,,
126,900115,2023,15,01,51.6257,51.6257,79.74950,-150.24220,,
127,900115,2023,15,31,51.6465,51.6465,79.74890,-150.22940,,
128,900115,2023,16,00,51.6672,51.6672,79.74850,-150.21890,,
129,900115,2023,16,30,51.6877,51.6877,79.74770,-150.20550,,
130,900115,2023,17,00,51.7089,51.7089,79.74690,-150.19360,,
131,900115,2023,17,30,51.7297,51.7297,79.74610,-150.18210,,
132,900115,2023,18,00,51.7502,51.7502,79.74560,-150.17040,,
133,900115,2023,18,31,51.7717,51.7717,79.74470,-150.15810,,
134,900115,2023,19,01,51.7924,51.7924,79.74390,-150.14560,,
135,900115,2023,19,30,51.8128,51.8128,79.74310,-150.13290,,
136,900115,2023,20,00,51.8337,51.8337,79.74230,-150.11800,,
137,900115,2023,20,31,51.8549,51.8549,79.74150,-150.10490,,
138,900115,2023,21,01,51.8757,51.8757,79.74070,-150.09150,,
139,900115,2023,21,31,51.8965,51.8965,79.74000,-150.07850,,
140,900115,2023,22,01,51.9176,51.9176,79.73900,-150.06600,,
141,900115,2023,22,31,51.9382,51.9382,79.73820,-150.05280,,
142,900115,2023,23,01,51.9592,51.9592,79.73740,-150.04040,,
143,900115,2023,23,31,51.9801,51.9801,79.73670,-150.02860,,
144,900115,2023,00,01,52.0007,52.0007,79.73610,-150.01830,,
145,900115,2023,00,31,52.0216,52.0216,79.73530,-150.00880,,
146,900115,2023,01,01,52.0426,52.0426,79.73440,-149.99940,,
147,900115,2023,01,31,52.0632,52.0632,79.73350,-149.98980,,
148,900115,2023,02,00,52.0839,52.0839,79.73270,-149.98030,,
149,900115,2023,02,31,52.1051,52.1051,79.73170,-149.97200,,
150,900115,2023,03,00,52.1254,52.1254,79.73080,-149.96450,,
151,900115,2023,03,31,52.1466,52.1466,79.72990,-149.95720,,
152,900115,2023,04,00,52.1673,52.1673,79.72890,-149.95040,,
153,900115,2023,04,31,52.1884,52.1884,79.72780,-149.94390,,
154,900115,2023,04,46,52.1986,52.1986,79.72730,-149.94060,,
155,900115,2023,05,30,52.2294,52.2294,79.72570,-149.92870,,
156,900115,2023,06,00,52.2502,52.2502,79.72470,-149.92250,,
157,900115,2023,06,30,52.2713,52.2713,79.72380,-149.91600,,
158,900115,2023,07,00,52.2922,52.2922,79.72280,-149.90860,,
159,900115,2023,07,31,52.3134,52.3134,79.72190,-149.90140,,
160,900115,2023,08,01,52.3341,52.3341,79.72100,-149.89450,,
161,900115,2023,08,31,52.3551,52.3551,79.72010,-149.88820,,
162,900115,2023,09,01,52.3760,52.3760,79.71930,-149.88080,,
163,900115,2023,09,31,52.3966,52.3966,79.71860,-149.87320,,
164,900115,2023,10,01,52.4176,52.4176,79.71790,-149.86550,,
165,900115,2023,10,31,52.4384,52.4384,79.71740,-149.85790,,
166,900115,2023,11,00,52.4589,52.4589,79.71680,-149.85050,,
167,900115,2023,11,30,52.4797,52.4797,79.71620,-149.84320,,
168,900115,2023,12,01,52.5009,52.5009,79.71580,-149.83560,,
169,900115,2023,12,31,52.5217,52.5217,79.71550,-149.82840,,
170,900115,2023,13,00,52.5422,52.5422,79.71530,-149.82180,,
171,900115,2023,13,30,52.5628,52.5628,79.71520,-149.81560,,
172,900115,2023,14,00,52.5838,52.5838,79.71500,-149.80890,,
173,900115,2023,14,30,52.6047,52.6047,79.71500,-149.80330,,
174,900115,2023,15,00,52.6254,52.6254,79.71490,-149.79690,,
175,900115,2023,15,31,52.6465,52.6465,79.71500,-149.79030,,
176,900115,2023,16,00,52.6668,52.6668,79.71520,-149.78420,,
177,900115,2023,16,30,52.6880,52.6880,79.71550,-149.77840,,
178,900115,2023,17,00,52.7089,52.7089,79.71590,-149.77340,,
179,900115,2023,17,30,52.7297,52.7297,79.71630,-149.76970,,
180,900115,2023,18,00,52.7502,52.7502,79.71670,-149.76510,,
181,900115,2023,18,31,52.7716,52.7716,79.71740,-149.75920,,
182,900115,2023,19,00,52.7922,52.7922,79.71810,-149.75620,,
183,900115,2023,19,30,52.8127,52.8127,79.71880,-149.75380,,
184,900115,2023,20,00,52.8339,52.8339,79.71970,-149.75010,,
185,900115,2023,20,30,52.8547,52.8547,79.72070,-149.74610,,
186,900115,2023,21,01,52.8757,52.8757,79.72160,-149.74130,,
187,900115,2023,21,31,52.8965,52.8965,79.72270,-149.73590,,
188,900115,2023,22,01,52.9176,52.9176,79.72400,-149.72960,,
189,900115,2023,22,31,52.9384,52.9384,79.72520,-149.72260,,
190,900115,2023,23,01,52.9590,52.9590,79.72630,-149.71640,,
191,900115,2023,23,30,52.9795,52.9795,79.72760,-149.71130,,
192,900121,2023,00,01,51.0007,51.0007,78.46460,-146.84000,,
193,900121,2023,00,31,51.0215,51.0215,78.46420,-146.83630,,
194,900121,2023,01,00,51.0422,51.0422,78.46380,-146.83260,,
195,900121,2023,01,31,51.0632,51.0632,78.46330,-146.82890,,
196,900121,2023,02,04,51.0863,51.0863,78.46290,-146.82440,,
197,900121,2023,02,30,51.1048,51.1048,78.46250,-146.82130,,
198,900121,2023,03,00,51.1256,51.1256,78.46220,-146.81720,,
199,900121,2023,03,30,51.1464,51.1464,78.46180,-146.81290,,
200,900121,2023,04,01,51.1674,51.1674,78.46130,-146.80830,,
201,900121,2023,04,31,51.1882,51.1882,78.46090,-146.80340,,
202,900121,2023,05,00,51.2088,51.2088,78.46040,-146.79890,,
203,900121,2023,05,31,51.2301,51.2301,78.45980,-146.79410,,
204,900121,2023,06,01,51.2507,51.2507,78.45920,-146.78920,,
205,900121,2023,06,30,51.2714,51.2714,78.45860,-146.78430,,
206,900121,2023,07,00,51.2922,51.2922,78.45810,-146.77930,,
207,900121,2023,07,31,51.3134,51.3134,78.45760,-146.77420,,
208,900121,2023,08,00,51.3335,51.3335,78.45710,-146.76960,,
209,900121,2023,08,31,51.3551,51.3551,78.45650,-146.76400,,
210,900121,2023,09,01,51.3761,51.3761,78.45580,-146.75800,,
211,900121,2023,09,31,51.3969,51.3969,78.45530,-146.75240,,
212,900121,2023,10,01,51.4177,51.4177,78.45490,-146.74620,,
213,900121,2023,10,31,51.4382,51.4382,78.45430,-146.73960,,
214,900121,2023,11,01,51.4590,51.4590,78.45380,-146.73340,,
215,900121,2023,11,30,51.4797,51.4797,78.45330,-146.72710,,
216,900121,2023,12,01,51.5007,51.5007,78.45270,-146.72090,,
217,900121,2023,12,30,51.5210,51.5210,78.45220,-146.71510,,
218,900121,2023,13,00,51.5422,51.5422,78.45170,-146.70980,,
219,900121,2023,13,30,51.5627,51.5627,78.45120,-146.70490,,
220,900121,2023,14,01,51.5840,51.5840,78.45070,-146.70030,,
221,900121,2023,14,31,51.6049,51.6049,78.45010,-146.69450,,
222,900121,2023,15,01,51.6257,51.6257,78.44970,-146.68950,,
223,900121,2023,15,30,51.6464,51.6464,78.44920,-146.68440,,
224,900121,2023,16,00,51.6673,51.6673,78.44850,-146.67830,,
225,900121,2023,16,30,51.6877,51.6877,78.44800,-146.67250,,
226,900121,2023,17,00,51.7089,51.7089,78.44720,-146.66620,,
227,900121,2023,17,31,51.7301,51.7301,78.44650,-146.65970,,
228,900121,2023,18,00,51.7502,51.7502,78.44570,-146.65360,,
229,900121,2023,18,32,51.7724,51.7724,78.44490,-146.64690,,
230,900121,2023,19,00,51.7923,51.7923,78.44420,-146.64130,,
231,900121,2023,19,30,51.8127,51.8127,78.44330,-146.63460,,
232,900121,2023,20,01,51.8344,51.8344,78.44250,-146.62770,,
233,900121,2023,20,31,51.8551,51.8551,78.44170,-146.62120,,
234,900121,2023,21,01,51.8759,51.8759,78.44090,-146.61450,,
235,900121,2023,21,30,51.8964,51.8964,78.44010,-146.60730,,
236,900121,2023,22,01,51.9176,51.9176,78.43920,-146.59980,,
237,900121,2023,22,30,51.9381,51.9381,78.43830,-146.59200,,
238,900121,2023,23,00,51.9589,51.9589,78.43760,-146.58440,,
239,900121,2023,23,31,51.9799,51.9799,78.43670,-146.57630,,
240,900121,2023,00,01,52.0008,52.0008,78.43600,-146.56910,,
241,900121,2023,00,30,52.0215,52.0215,78.43510,-146.56170,,
242,900121,2023,01,01,52.0424,52.0424,78.43400,-146.55470,,
243,900121,2023,01,30,52.0631,52.0631,78.43300,-146.54780,,
244,900121,2023,02,01,52.0841,52.0841,78.43190,-146.54060,,
245,900121,2023,02,31,52.1049,52.1049,78.43100,-146.53370,,
246,900121,2023,03,00,52.1255,52.1255,78.43010,-146.52660,,
247,900121,2023,03,31,52.1466,52.1466,78.42910,-146.52030,,
248,900121,2023,04,01,52.1674,52.1674,78.42800,-146.51430,,
249,900121,2023,04,30,52.1880,52.1880,78.42710,-146.50870,,
250,900121,2023,05,01,52.2092,52.2092,78.42610,-146.50290,,
251,900121,2023,05,31,52.2301,52.2301,78.42500,-146.49770,,
252,900121,2023,06,00,52.2505,52.2505,78.42410,-146.49240,,
253,900121,2023,06,30,52.2710,52.2710,78.42310,-146.48680,,
254,900121,2023,07,01,52.2924,52.2924,78.42220,-146.48160,,
255,900121,2023,07,31,52.3132,52.3132,78.42110,-146.47650,,
256,900121,2023,08,00,52.3339,52.3339,78.42020,-146.47190,,
257,900121,2023,08,31,52.3549,52.3549,78.41930,-146.46580,,
258,900121,2023,09,01,52.3761,52.3761,78.41850,-146.46000,,
259,900121,2023,09,31,52.3966,52.3966,78.41760,-146.45380,,
260,900121,2023,10,01,52.4175,52.4175,78.41690,-146.44850,,
261,900121,2023,10,30,52.4380,52.4380,78.41610,-146.44330,,
262,900121,2023,11,01,52.4591,52.4591,78.41540,-146.43850,,
263,900121,2023,11,31,52.4799,52.4799,78.41480,-146.43350,,
264,900121,2023,12,01,52.5007,52.5007,78.41400,-146.42850,,
265,900121,2023,12,30,52.5214,52.5214,78.41330,-146.42380,,
266,900121,2023,13,00,52.5422,52.5422,78.41290,-146.41920,,
267,900121,2023,13,30,52.5630,52.5630,78.41240,-146.41480,,
268,900121,2023,14,01,52.5841,52.5841,78.41210,-146.41030,,
269,900121,2023,14,30,52.6048,52.6048,78.41170,-146.40590,,
270,900121,2023,15,01,52.6260,52.6260,78.41140,-146.40120,,
271,900121,2023,15,30,52.6464,52.6464,78.41120,-146.39650,,
272,900121,2023,16,00,52.6671,52.6671,78.41100,-146.39200,,
273,900121,2023,16,30,52.6877,52.6877,78.41100,-146.38700,,
274,900121,2023,17,00,52.7085,52.7085,78.41100,-146.38220,,
275,900121,2023,17,30,52.7297,52.7297,78.41110,-146.37770,,
276,900121,2023,18,00,52.7502,52.7502,78.41110,-146.37380,,
277,900121,2023,18,31,52.7716,52.7716,78.41110,-146.36980,,
278,900121,2023,19,01,52.7926,52.7926,78.41140,-146.36520,,
279,900121,2023,19,30,52.8127,52.8127,78.41170,-146.36100,,
280,900121,2023,20,01,52.8342,52.8342,78.41190,-146.35740,,
281,900121,2023,20,31,52.8552,52.8552,78.41200,-146.35300,,
282,900121,2023,21,00,52.8755,52.8755,78.41240,-146.34880,,
283,900121,2023,21,30,52.8964,52.8964,78.41300,-146.34420,,
284,900121,2023,22,01,52.9177,52.9177,78.41360,-146.33980,,
285,900121,2023,22,30,52.9381,52.9381,78.41410,-146.33530,,
286,900121,2023,23,01,52.9591,52.9591,78.41480,-146.33050,,
287,900121,2023,23,30,52.9795,52.9795,78.41550,-146.32550,,
288,300534061592170,2023,00,00,51.0004,51.0004,80.56227,-150.57307,1019.70,-18.20
289,300534061592170,2023,01,00,51.0420,51.0420,80.56165,-150.55416,1019.40,-18.25
290,300534061592170,2023,02,00,51.0837,51.0837,80.56114,-150.53409,1019.20,-18.25
291,300534061592170,2023,03,00,51.1254,51.1254,80.56037,-150.51622,1019.10,-18.30
292,300534061592170,2023,04,00,51.1670,51.1670,80.55950,-150.49565,1019.30,-18.30
293,300534061592170,2023,05,00,51.2087,51.2087,80.55870,-150.47464,1019.30,-18.35
294,300534061592170,2023,06,00,51.2504,51.2504,80.55787,-150.45269,1019.20,-18.35
295,300534061592170,2023,07,00,51.2920,51.2920,80.55719,-150.42908,1019.30,-18.40
296,300534061592170,2023,08,00,51.3337,51.3337,80.55632,-150.40435,1019.40,-18.45
297,300534061592170,2023,09,00,51.3754,51.3754,80.55543,-150.37942,1019.70,-18.50
298,300534061592170,2023,10,00,51.4170,51.4170,80.55451,-150.35156,1019.60,-18.50
299,300534061592170,2023,11,00,51.4587,51.4587,80.55319,-150.32330,1019.60,-18.55
300,300534061592170,2023,12,00,51.5004,51.5004,80.55221,-150.29836,1019.50,-18.60
301,300534061592170,2023,13,00,51.5420,51.5420,80.55116,-150.27181,1019.30,-18.60
302,300534061592170,2023,14,00,51.5837,51.5837,80.55044,-150.24186,1019.00,-18.65
303,300534061592170,2023,15,00,51.6254,51.6254,80.54943,-150.21168,1018.80,-18.65
304,300534061592170,2023,16,00,51.6670,51.6670,80.54827,-150.18507,1018.60,-18.65
305,300534061592170,2023,17,00,51.7087,51.7087,80.54660,-150.16004,1018.40,-18.70
306,300534061592170,2023,18,00,51.7504,51.7504,80.54498,-150.13407,1018.40,-18.70
307,300534061592170,2023,19,00,51.7920,51.7920,80.54321,-150.10243,1018.40,-18.70
308,300534061592170,2023,20,00,51.8337,51.8337,80.54142,-150.07077,1018.80,-18.75
309,300534061592170,2023,21,00,51.8754,51.8754,80.53973,-150.04193,1019.40,-18.75
310,300534061592170,2023,22,00,51.9170,51.9170,80.53769,-150.00785,1020.00,-18.75
311,300534061592170,2023,23,00,51.9587,51.9587,80.53604,-149.98112,1020.50,-18.80
312,300534061592170,2023,00,00,52.0004,52.0004,80.53447,-149.95631,1021.00,-18.80
313,300534061592170,2023,01,00,52.0420,52.0420,80.53240,-149.93224,1021.40,-18.85
314,300534061592170,2023,02,00,52.0837,52.0837,80.53054,-149.91039,1021.70,-18.85
315,300534061592170,2023,03,00,52.1254,52.1254,80.52863,-149.89410,1022.30,-18.90
316,300534061592170,2023,04,00,52.1670,52.1670,80.52655,-149.87771,1023.00,-18.90
317,300534061592170,2023,05,00,52.2087,52.2087,80.52391,-149.85916,1023.60,-18.90
318,300534061592170,2023,06,00,52.2504,52.2504,80.52163,-149.84293,1024.20,-18.95
319,300534061592170,2023,07,00,52.2920,52.2920,80.51964,-149.82863,1025.00,-18.95
320,300534061592170,2023,08,00,52.3337,52.3337,80.51768,-149.80956,1025.70,-19.00
321,300534061592170,2023,09,00,52.3754,52.3754,80.51579,-149.79013,1026.50,-19.00
322,300534061592170,2023,10,00,52.4170,52.4170,80.51435,-149.76982,1027.40,-19.05
323,300534061592170,2023,11,00,52.4587,52.4587,80.51313,-149.74996,1028.00,-19.05
324,300534061592170,2023,12,00,52.5004,52.5004,80.51217,-149.73054,1028.70,-19.05
325,300534061592170,2023,13,00,52.5420,52.5420,80.51161,-149.71244,1029.40,-19.05
326,300534061592170,2023,14,00,52.5837,52.5837,80.51130,-149.69581,1030.00,-19.00
327,300534061592170,2023,15,00,52.6254,52.6254,80.51121,-149.67989,1030.50,-19.00
328,300534061592170,2023,16,00,52.6670,52.6670,80.51147,-149.66392,1030.90,-19.00
329,300534061592170,2023,17,00,52.7087,52.7087,80.51214,-149.65017,1031.20,-18.95
330,300534061592170,2023,18,00,52.7504,52.7504,80.51309,-149.64082,1031.40,-18.90
331,300534061592170,2023,19,00,52.7920,52.7920,80.51445,-149.63282,1031.60,-18.90
332,300534061592170,2023,20,00,52.8337,52.8337,80.51608,-149.62374,1031.80,-18.85
333,300534061592170,2023,21,00,52.8754,52.8754,80.51789,-149.61199,1031.90,-18.85
334,300534061592170,2023,22,00,52.9170,52.9170,80.52019,-149.59985,1031.60,-18.85
335,300534061592170,2023,23,00,52.9587,52.9587,80.52237,-149.59396,1031.50,-18.85
336,300534062025520,2023,00,00,51.0006,51.0006,80.98893,-150.78231,1018.80,-17.55
337,300534062025520,2023,01,00,51.0420,51.0420,80.98833,-150.76239,1018.50,-17.55
338,300534062025520,2023,02,00,51.0836,51.0836,80.98792,-150.74085,1018.30,-17.55
339,300534062025520,2023,03,00,51.1253,51.1253,80.98749,-150.72042,1018.20,-17.60
340,300534062025520,2023,04,00,51.1673,51.1673,80.98661,-150.69749,1018.40,-17.60
341,300534062025520,2023,05,00,51.2086,51.2086,80.98586,-150.67494,1018.20,-17.65
342,300534062025520,2023,06,00,51.2503,51.2503,80.98511,-150.64966,1018.30,-17.65
343,300534062025520,2023,07,00,51.2923,51.2923,80.98458,-150.62334,1018.20,-17.70
344,300534062025520,2023,08,00,51.3336,51.3336,80.98373,-150.59766,1018.20,-17.75
345,300534062025520,2023,09,00,51.3753,51.3753,80.98286,-150.57131,1018.30,-17.75
346,300534062025520,2023,10,00,51.4173,51.4173,80.98209,-150.54018,1018.20,-17.75
347,300534062025520,2023,11,00,51.4586,51.4586,80.98115,-150.50949,1018.00,-17.80
348,300534062025520,2023,12,00,51.5003,51.5003,80.98012,-150.47937,1018.10,-17.80
349,300534062025520,2023,13,00,51.5423,51.5423,80.97907,-150.45146,1017.80,-17.80
350,300534062025520,2023,14,00,51.5836,51.5836,80.97857,-150.42003,1017.40,-17.80
351,300534062025520,2023,15,00,51.6253,51.6253,80.97768,-150.38905,1017.20,-17.75
352,300534062025520,2023,16,00,51.6673,51.6673,80.97649,-150.36214,1016.80,-17.75
353,300534062025520,2023,17,00,51.7086,51.7086,80.97475,-150.33340,1016.70,-17.70
354,300534062025520,2023,18,00,51.7503,51.7503,80.97298,-150.30345,1016.90,-17.70
355,300534062025520,2023,19,00,51.7920,51.7920,80.97120,-150.27141,1017.10,-17.65
356,300534062025520,2023,20,00,51.8340,51.8340,80.96930,-150.23732,1017.50,-17.60
357,300534062025520,2023,21,00,51.8753,51.8753,80.96746,-150.20314,1018.00,-17.60
358,300534062025520,2023,22,00,51.9170,51.9170,80.96545,-150.16825,1018.70,-17.55
359,300534062025520,2023,23,00,51.9586,51.9586,80.96380,-150.14111,1019.10,-17.50
360,300534062025520,2023,00,00,52.0006,52.0006,80.96222,-150.11612,1019.60,-17.45
361,300534062025520,2023,01,00,52.0420,52.0420,80.96013,-150.09200,1020.10,-17.45
362,300534062025520,2023,02,00,52.0836,52.0836,80.95832,-150.06901,1020.40,-17.45
363,300534062025520,2023,03,00,52.1253,52.1253,80.95645,-150.05277,1021.00,-17.45
364,300534062025520,2023,04,00,52.1673,52.1673,80.95441,-150.03808,1021.80,-17.45
365,300534062025520,2023,05,00,52.2086,52.2086,80.95220,-150.02500,1022.40,-17.45
366,300534062025520,2023,06,00,52.2503,52.2503,80.94998,-150.01059,1023.10,-17.45
367,300534062025520,2023,07,00,52.2923,52.2923,80.94795,-149.99627,1023.80,-17.45
368,300534062025520,2023,08,00,52.3336,52.3336,80.94604,-149.97509,1024.60,-17.45
369,300534062025520,2023,09,00,52.3753,52.3753,80.94416,-149.95213,1025.30,-17.45
370,300534062025520,2023,10,00,52.4173,52.4173,80.94272,-149.92861,1026.20,-17.45
371,300534062025520,2023,11,00,52.4586,52.4586,80.94158,-149.90601,1027.00,-17.50
372,300534062025520,2023,12,00,52.5003,52.5003,80.94063,-149.88366,1027.70,-17.50
373,300534062025520,2023,13,00,52.5423,52.5423,80.94008,-149.86280,1028.30,-17.50
374,300534062025520,2023,14,00,52.5836,52.5836,80.93981,-149.84400,1029.00,-17.50
375,300534062025520,2023,15,00,52.6254,52.6254,80.93974,-149.82577,1029.60,-17.50
376,300534062025520,2023,16,00,52.6670,52.6670,80.94001,-149.80793,1030.00,-17.50
377,300534062025520,2023,17,00,52.7086,52.7086,80.94071,-149.79218,1030.20,-17.50
378,300534062025520,2023,18,00,52.7506,52.7506,80.94169,-149.78086,1030.40,-17.50
379,300534062025520,2023,19,00,52.7920,52.7920,80.94306,-149.77117,1030.70,-17.50
380,300534062025520,2023,20,00,52.8336,52.8336,80.94473,-149.76025,1030.70,-17.50
381,300534062025520,2023,21,00,52.8753,52.8753,80.94655,-149.74965,1030.90,-17.50
382,300534062025520,2023,22,00,52.9173,52.9173,80.94888,-149.73568,1030.80,-17.50
383,300534062025520,2023,23,00,52.9586,52.9586,80.95106,-149.72842,1030.60,-17.50
